Built,n,prop
3.4.1,14,0.09395973154362416
3.4.2,61,0.40939597315436244
3.4.3,74,0.49664429530201343
